id,date,time,from,to
1,2020-01-18,05:39:55,south,south
2,2020-01-18,05:39:51,west,west
3,2020-01-18,05:40:01,east,north
4,2020-01-18,05:40:02,east,north
5,2020-01-18,05:40:13,west,south
6,2020-01-18,05:40:13,east,west
7,2020-01-18,05:40:13,east,south
8,2020-01-18,05:40:05,west,north
9,2020-01-18,05:40:13,west,east
10,2020-01-18,05:40:15,west,north
11,2020-01-18,05:40:09,west,west
12,2020-01-18,05:40:12,east,east
13,2020-01-18,05:40:04,east,south
14,2020-01-18,05:40:15,west,east
15,2020-01-18,05:40:14,west,south
16,2020-01-18,05:40:17,north,south
17,2020-01-18,05:40:10,south,south
18,2020-01-18,05:40:15,east,north
19,2020-01-18,05:40:18,east,south
20,2020-01-18,05:40:15,west,west
21,2020-01-18,05:40:18,west,west
22,2020-01-18,05:40:23,west,south
23,2020-01-18,05:40:21,east,south
24,2020-01-18,05:40:22,west,west
25,2020-01-18,05:40:27,east,west
26,2020-01-18,05:40:23,west,east
27,2020-01-18,05:40:27,west,north
28,2020-01-18,05:40:18,east,east
29,2020-01-18,05:40:30,west,north
30,2020-01-18,05:40:30,west,south
31,2020-01-18,05:40:19,east,south
32,2020-01-18,05:40:22,east,west
33,2020-01-18,05:40:15,east,south
34,2020-01-18,05:40:28,west,north
35,2020-01-18,05:40:43,north,south
36,2020-01-18,05:41:04,west,west
37,2020-01-18,05:41:06,west,east
38,2020-01-18,05:40:43,east,east
39,2020-01-18,05:41:09,west,north
40,2020-01-18,05:41:02,west,north
41,2020-01-18,05:41:12,west,south
42,2020-01-18,05:41:07,west,north
43,2020-01-18,05:41:16,east,south
44,2020-01-18,05:40:22,west,west
45,2020-01-18,05:40:42,west,west
46,2020-01-18,05:41:30,west,west
47,2020-01-18,05:41:06,east,east
48,2020-01-18,05:41:38,west,east
49,2020-01-18,05:41:37,east,north
50,2020-01-18,05:41:33,east,west
51,2020-01-18,05:41:41,west,south
52,2020-01-18,05:41:26,east,south
53,2020-01-18,05:40:40,east,south
54,2020-01-18,05:41:52,east,west
55,2020-01-18,05:42:00,west,south
56,2020-01-18,05:42:05,east,west
57,2020-01-18,05:41:05,east,south
58,2020-01-18,05:42:10,west,west
59,2020-01-18,05:42:13,east,north
60,2020-01-18,05:42:16,east,north
61,2020-01-18,05:41:58,west,east
62,2020-01-18,05:41:59,east,west
63,2020-01-18,05:42:16,east,east
64,2020-01-18,05:42:18,east,east
65,2020-01-18,05:42:14,east,east
66,2020-01-18,05:42:12,west,east
67,2020-01-18,05:42:18,east,south
68,2020-01-18,05:42:10,west,north
69,2020-01-18,05:42:21,west,south
70,2020-01-18,05:42:13,west,north
71,2020-01-18,05:42:07,east,west
72,2020-01-18,05:42:24,east,east
73,2020-01-18,05:42:17,west,east
74,2020-01-18,05:42:14,east,north
75,2020-01-18,05:42:17,east,east
76,2020-01-18,05:42:25,west,west
77,2020-01-18,05:42:02,west,east
78,2020-01-18,05:42:19,west,east
79,2020-01-18,05:42:24,east,south
80,2020-01-18,05:42:24,east,south
81,2020-01-18,05:42:22,east,west
82,2020-01-18,05:42:17,east,east
83,2020-01-18,05:42:27,east,south
84,2020-01-18,05:42:29,east,west
85,2020-01-18,05:42:23,west,north
86,2020-01-18,05:42:13,east,east
87,2020-01-18,05:42:25,west,south
88,2020-01-18,05:42:28,east,north
89,2020-01-18,05:42:35,east,east
90,2020-01-18,05:42:31,west,east
91,2020-01-18,05:42:39,west,west
92,2020-01-18,05:42:33,east,north
93,2020-01-18,05:42:48,west,east
94,2020-01-18,05:42:48,west,north
95,2020-01-18,05:42:45,west,north
96,2020-01-18,05:43:13,east,east
97,2020-01-18,05:43:15,east,west
98,2020-01-18,05:42:31,east,north
99,2020-01-18,05:43:30,west,east
100,2020-01-18,05:43:30,east,west
101,2020-01-18,05:42:01,west,east
102,2020-01-18,05:43:28,west,north
103,2020-01-18,05:43:28,west,east
104,2020-01-18,05:43:43,east,east
105,2020-01-18,05:43:46,west,south
106,2020-01-18,05:43:35,east,west
107,2020-01-18,05:42:48,east,west
108,2020-01-18,05:43:49,west,west
109,2020-01-18,05:43:43,west,west
110,2020-01-18,05:43:55,east,south
111,2020-01-18,05:43:48,east,west
112,2020-01-18,05:43:29,east,west
113,2020-01-18,05:43:28,east,north
114,2020-01-18,05:44:12,west,south
115,2020-01-18,05:44:13,west,north
116,2020-01-18,05:44:09,east,south
117,2020-01-18,05:44:17,east,west
118,2020-01-18,05:44:20,east,north
119,2020-01-18,05:44:15,east,south
120,2020-01-18,05:44:14,east,west
121,2020-01-18,05:44:20,east,north
122,2020-01-18,05:44:21,south,south
123,2020-01-18,05:44:18,west,north
124,2020-01-18,05:44:20,west,west
125,2020-01-18,05:44:20,east,east
126,2020-01-18,05:44:12,east,east
127,2020-01-18,05:44:23,west,west
128,2020-01-18,05:44:19,west,north
129,2020-01-18,05:44:27,east,north
130,2020-01-18,05:44:22,east,south
131,2020-01-18,05:44:33,west,south
132,2020-01-18,05:44:26,east,south
133,2020-01-18,05:44:35,west,south
134,2020-01-18,05:44:30,east,north
135,2020-01-18,05:45:13,west,east
136,2020-01-18,05:45:19,west,east
137,2020-01-18,05:45:21,east,west
138,2020-01-18,05:45:22,east,west
139,2020-01-18,05:45:25,east,north
140,2020-01-18,05:44:33,east,west
141,2020-01-18,05:45:36,east,north
142,2020-01-18,05:44:56,west,north
143,2020-01-18,05:45:40,east,north
144,2020-01-18,05:45:50,west,south
145,2020-01-18,05:45:37,west,west
146,2020-01-18,05:44:11,west,north
147,2020-01-18,05:44:59,west,west
148,2020-01-18,05:44:29,east,east
149,2020-01-18,05:45:31,east,north
150,2020-01-18,05:45:58,east,east
151,2020-01-18,05:45:51,east,east
152,2020-01-18,05:45:46,west,north
153,2020-01-18,05:46:01,west,south
154,2020-01-18,05:45:58,east,west
155,2020-01-18,05:45:54,east,south
156,2020-01-18,05:46:05,east,south
157,2020-01-18,05:46:02,east,north
158,2020-01-18,05:46:07,west,east
159,2020-01-18,05:46:13,west,south
160,2020-01-18,05:46:10,west,east
161,2020-01-18,05:46:06,west,north
162,2020-01-18,05:46:30,east,south
163,2020-01-18,05:46:35,west,north
164,2020-01-18,05:46:16,west,north
165,2020-01-18,05:45:38,east,north
166,2020-01-18,05:46:36,east,south
167,2020-01-18,05:46:37,west,north
168,2020-01-18,05:46:33,east,east
169,2020-01-18,05:46:37,east,west
170,2020-01-18,05:46:40,west,west
171,2020-01-18,05:46:22,east,east
172,2020-01-18,05:46:26,east,east
173,2020-01-18,05:46:36,east,west
174,2020-01-18,05:46:43,east,north
175,2020-01-18,05:46:45,west,north
176,2020-01-18,05:46:47,east,west
177,2020-01-18,05:46:47,east,west
178,2020-01-18,05:46:40,west,west
179,2020-01-18,05:46:42,west,east
180,2020-01-18,05:46:44,south,south
181,2020-01-18,05:46:44,west,south
182,2020-01-18,05:46:34,east,south
183,2020-01-18,05:46:48,west,east
184,2020-01-18,05:46:46,south,north
185,2020-01-18,05:46:46,west,east
186,2020-01-18,05:46:52,east,east
187,2020-01-18,05:46:52,west,south
188,2020-01-18,05:46:49,east,east
189,2020-01-18,05:46:37,east,west
190,2020-01-18,05:46:40,east,north
191,2020-01-18,05:46:53,east,west
192,2020-01-18,05:46:55,west,north
193,2020-01-18,05:46:53,west,south
194,2020-01-18,05:47:06,west,north
195,2020-01-18,05:47:08,west,west
196,2020-01-18,05:47:08,east,north
197,2020-01-18,05:47:10,east,east
198,2020-01-18,05:47:09,west,east
199,2020-01-18,05:47:21,west,south
200,2020-01-18,05:46:05,east,west
201,2020-01-18,05:39:55,south,south
202,2020-01-18,05:39:51,west,west
203,2020-01-18,05:40:01,east,north
204,2020-01-18,05:40:02,east,north
205,2020-01-18,05:40:13,west,south
206,2020-01-18,05:40:13,east,west
207,2020-01-18,05:40:13,east,south
208,2020-01-18,05:40:05,west,north
209,2020-01-18,05:40:13,west,east
210,2020-01-18,05:40:15,west,north
211,2020-01-18,05:40:09,west,west
212,2020-01-18,05:40:12,east,east
213,2020-01-18,05:40:04,east,south
214,2020-01-18,05:40:15,west,east
215,2020-01-18,05:40:14,west,south
216,2020-01-18,05:40:17,north,south
217,2020-01-18,05:40:10,south,south
218,2020-01-18,05:40:15,east,north
219,2020-01-18,05:40:18,east,south
220,2020-01-18,05:40:15,west,west
221,2020-01-18,05:40:18,west,west
222,2020-01-18,05:40:23,west,south
223,2020-01-18,05:40:21,east,south
224,2020-01-18,05:40:22,west,west
225,2020-01-18,05:40:27,east,west
226,2020-01-18,05:40:23,west,east
227,2020-01-18,05:40:27,west,north
228,2020-01-18,05:40:18,east,east
229,2020-01-18,05:40:30,west,north
230,2020-01-18,05:40:30,west,south
231,2020-01-18,05:40:19,east,south
232,2020-01-18,05:40:22,east,west
233,2020-01-18,05:40:15,east,south
234,2020-01-18,05:40:28,west,north
235,2020-01-18,05:40:43,north,south
236,2020-01-18,05:41:04,west,west
237,2020-01-18,05:41:06,west,east
238,2020-01-18,05:40:43,east,east
239,2020-01-18,05:41:09,west,north
240,2020-01-18,05:41:02,west,north
241,2020-01-18,05:41:12,west,south
242,2020-01-18,05:41:07,west,north
243,2020-01-18,05:41:16,east,south
244,2020-01-18,05:40:22,west,west
245,2020-01-18,05:40:42,west,west
246,2020-01-18,05:41:30,west,west
247,2020-01-18,05:41:06,east,east
248,2020-01-18,05:41:38,west,east
249,2020-01-18,05:41:37,east,north
250,2020-01-18,05:41:33,east,west
251,2020-01-18,05:41:41,west,south
252,2020-01-18,05:41:26,east,south
253,2020-01-18,05:40:40,east,south
254,2020-01-18,05:41:52,east,west
255,2020-01-18,05:42:00,west,south
256,2020-01-18,05:42:05,east,west
257,2020-01-18,05:41:05,east,south
258,2020-01-18,05:42:10,west,west
259,2020-01-18,05:42:13,east,north
260,2020-01-18,05:42:16,east,north
261,2020-01-18,05:41:58,west,east
262,2020-01-18,05:41:59,east,west
263,2020-01-18,05:42:16,east,east
264,2020-01-18,05:42:18,east,east
265,2020-01-18,05:42:14,east,east
266,2020-01-18,05:42:12,west,east
267,2020-01-18,05:42:18,east,south
268,2020-01-18,05:42:10,west,north
269,2020-01-18,05:42:21,west,south
270,2020-01-18,05:42:13,west,north
271,2020-01-18,05:42:07,east,west
272,2020-01-18,05:42:24,east,east
273,2020-01-18,05:42:17,west,east
274,2020-01-18,05:42:14,east,north
275,2020-01-18,05:42:17,east,east
276,2020-01-18,05:42:25,west,west
277,2020-01-18,05:42:02,west,east
278,2020-01-18,05:42:19,west,east
279,2020-01-18,05:42:24,east,south
280,2020-01-18,05:42:24,east,south
281,2020-01-18,05:42:22,east,west
282,2020-01-18,05:42:17,east,east
283,2020-01-18,05:42:27,east,south
284,2020-01-18,05:42:29,east,west
285,2020-01-18,05:42:23,west,north
286,2020-01-18,05:42:13,east,east
287,2020-01-18,05:42:25,west,south
288,2020-01-18,05:42:28,east,north
289,2020-01-18,05:42:35,east,east
290,2020-01-18,05:42:31,west,east
291,2020-01-18,05:42:39,west,west
292,2020-01-18,05:42:33,east,north
293,2020-01-18,05:42:48,west,east
294,2020-01-18,05:42:48,west,north
295,2020-01-18,05:42:45,west,north
296,2020-01-18,05:43:13,east,east
297,2020-01-18,05:43:15,east,west
298,2020-01-18,05:42:31,east,north
299,2020-01-18,05:43:30,west,east
300,2020-01-18,05:43:30,east,west
301,2020-01-18,05:42:01,west,east
302,2020-01-18,05:43:28,west,north
303,2020-01-18,05:43:28,west,east
304,2020-01-18,05:43:43,east,east
305,2020-01-18,05:43:46,west,south
306,2020-01-18,05:43:35,east,west
307,2020-01-18,05:42:48,east,west
308,2020-01-18,05:43:49,west,west
309,2020-01-18,05:43:43,west,west
310,2020-01-18,05:43:55,east,south
311,2020-01-18,05:43:48,east,west
312,2020-01-18,05:43:29,east,west
313,2020-01-18,05:43:28,east,north
314,2020-01-18,05:44:12,west,south
315,2020-01-18,05:44:13,west,north
316,2020-01-18,05:44:09,east,south
317,2020-01-18,05:44:17,east,west
318,2020-01-18,05:44:20,east,north
319,2020-01-18,05:44:15,east,south
320,2020-01-18,05:44:14,east,west
321,2020-01-18,05:44:20,east,north
322,2020-01-18,05:44:21,south,south
323,2020-01-18,05:44:18,west,north
324,2020-01-18,05:44:20,west,west
325,2020-01-18,05:44:20,east,east
326,2020-01-18,05:44:12,east,east
327,2020-01-18,05:44:23,west,west
328,2020-01-18,05:44:19,west,north
329,2020-01-18,05:44:27,east,north
330,2020-01-18,05:44:22,east,south
331,2020-01-18,05:44:33,west,south
332,2020-01-18,05:44:26,east,south
333,2020-01-18,05:44:35,west,south
334,2020-01-18,05:44:30,east,north
335,2020-01-18,05:45:13,west,east
336,2020-01-18,05:45:19,west,east
337,2020-01-18,05:45:21,east,west
338,2020-01-18,05:45:22,east,west
339,2020-01-18,05:45:25,east,north
340,2020-01-18,05:44:33,east,west
341,2020-01-18,05:45:36,east,north
342,2020-01-18,05:44:56,west,north
343,2020-01-18,05:45:40,east,north
344,2020-01-18,05:45:50,west,south
345,2020-01-18,05:45:37,west,west
346,2020-01-18,05:44:11,west,north
347,2020-01-18,05:44:59,west,west
348,2020-01-18,05:44:29,east,east
349,2020-01-18,05:45:31,east,north
350,2020-01-18,05:45:58,east,east
351,2020-01-18,05:45:51,east,east
352,2020-01-18,05:45:46,west,north
353,2020-01-18,05:46:01,west,south
354,2020-01-18,05:45:58,east,west
355,2020-01-18,05:45:54,east,south
356,2020-01-18,05:46:05,east,south
357,2020-01-18,05:46:02,east,north
358,2020-01-18,05:46:07,west,east
359,2020-01-18,05:46:13,west,south
360,2020-01-18,05:46:10,west,east
361,2020-01-18,05:46:06,west,north
362,2020-01-18,05:46:30,east,south
363,2020-01-18,05:46:35,west,north
364,2020-01-18,05:46:16,west,north
365,2020-01-18,05:45:38,east,north
366,2020-01-18,05:46:36,east,south
367,2020-01-18,05:46:37,west,north
368,2020-01-18,05:46:33,east,east
369,2020-01-18,05:46:37,east,west
370,2020-01-18,05:46:40,west,west
371,2020-01-18,05:46:22,east,east
372,2020-01-18,05:46:26,east,east
373,2020-01-18,05:46:36,east,west
374,2020-01-18,05:46:43,east,north
375,2020-01-18,05:46:45,west,north
376,2020-01-18,05:46:47,east,west
377,2020-01-18,05:46:47,east,west
378,2020-01-18,05:46:40,west,west
379,2020-01-18,05:46:42,west,east
380,2020-01-18,05:46:44,south,south
381,2020-01-18,05:46:44,west,south
382,2020-01-18,05:46:34,east,south
383,2020-01-18,05:46:48,west,east
384,2020-01-18,05:46:46,south,north
385,2020-01-18,05:46:46,west,east
386,2020-01-18,05:46:52,east,east
387,2020-01-18,05:46:52,west,south
388,2020-01-18,05:46:49,east,east
389,2020-01-18,05:46:37,east,west
390,2020-01-18,05:46:40,east,north
391,2020-01-18,05:46:53,east,west
392,2020-01-18,05:46:55,west,north
393,2020-01-18,05:46:53,west,south
394,2020-01-18,05:47:06,west,north
395,2020-01-18,05:47:08,west,west
396,2020-01-18,05:47:08,east,north
397,2020-01-18,05:47:10,east,east
398,2020-01-18,05:47:09,west,east
399,2020-01-18,05:47:21,west,south
400,2020-01-18,05:46:05,east,west
401,2020-01-18,05:39:55,south,south
402,2020-01-18,05:39:51,west,west
403,2020-01-18,05:40:01,east,north
404,2020-01-18,05:40:02,east,north
405,2020-01-18,05:40:13,west,south
406,2020-01-18,05:40:13,east,west
407,2020-01-18,05:40:13,east,south
408,2020-01-18,05:40:05,west,north
409,2020-01-18,05:40:13,west,east
410,2020-01-18,05:40:15,west,north
411,2020-01-18,05:40:09,west,west
412,2020-01-18,05:40:12,east,east
413,2020-01-18,05:40:04,east,south
414,2020-01-18,05:40:15,west,east
415,2020-01-18,05:40:14,west,south
416,2020-01-18,05:40:17,north,south
417,2020-01-18,05:40:10,south,south
418,2020-01-18,05:40:15,east,north
419,2020-01-18,05:40:18,east,south
420,2020-01-18,05:40:15,west,west
421,2020-01-18,05:40:18,west,west
422,2020-01-18,05:40:23,west,south
423,2020-01-18,05:40:21,east,south
424,2020-01-18,05:40:22,west,west
425,2020-01-18,05:40:27,east,west
426,2020-01-18,05:40:23,west,east
427,2020-01-18,05:40:27,west,north
428,2020-01-18,05:40:18,east,east
429,2020-01-18,05:40:30,west,north
430,2020-01-18,05:40:30,west,south
431,2020-01-18,05:40:19,east,south
432,2020-01-18,05:40:22,east,west
433,2020-01-18,05:40:15,east,south
434,2020-01-18,05:40:28,west,north
435,2020-01-18,05:40:43,north,south
436,2020-01-18,05:41:04,west,west
437,2020-01-18,05:41:06,west,east
438,2020-01-18,05:40:43,east,east
439,2020-01-18,05:41:09,west,north
440,2020-01-18,05:41:02,west,north
441,2020-01-18,05:41:12,west,south
442,2020-01-18,05:41:07,west,north
443,2020-01-18,05:41:16,east,south
444,2020-01-18,05:40:22,west,west
445,2020-01-18,05:40:42,west,west
446,2020-01-18,05:41:30,west,west
447,2020-01-18,05:41:06,east,east
448,2020-01-18,05:41:38,west,east
449,2020-01-18,05:41:37,east,north
450,2020-01-18,05:41:33,east,west
451,2020-01-18,05:41:41,west,south
452,2020-01-18,05:41:26,east,south
453,2020-01-18,05:40:40,east,south
454,2020-01-18,05:41:52,east,west
455,2020-01-18,05:42:00,west,south
456,2020-01-18,05:42:05,east,west
457,2020-01-18,05:41:05,east,south
458,2020-01-18,05:42:10,west,west
459,2020-01-18,05:42:13,east,north
460,2020-01-18,05:42:16,east,north
461,2020-01-18,05:41:58,west,east
462,2020-01-18,05:41:59,east,west
463,2020-01-18,05:42:16,east,east
464,2020-01-18,05:42:18,east,east
465,2020-01-18,05:42:14,east,east
466,2020-01-18,05:42:12,west,east
467,2020-01-18,05:42:18,east,south
468,2020-01-18,05:42:10,west,north
469,2020-01-18,05:42:21,west,south
470,2020-01-18,05:42:13,west,north
471,2020-01-18,05:42:07,east,west
472,2020-01-18,05:42:24,east,east
473,2020-01-18,05:42:17,west,east
474,2020-01-18,05:42:14,east,north
475,2020-01-18,05:42:17,east,east
476,2020-01-18,05:42:25,west,west
477,2020-01-18,05:42:02,west,east
478,2020-01-18,05:42:19,west,east
479,2020-01-18,05:42:24,east,south
480,2020-01-18,05:42:24,east,south
481,2020-01-18,05:42:22,east,west
482,2020-01-18,05:42:17,east,east
483,2020-01-18,05:42:27,east,south
484,2020-01-18,05:42:29,east,west
485,2020-01-18,05:42:23,west,north
486,2020-01-18,05:42:13,east,east
487,2020-01-18,05:42:25,west,south
488,2020-01-18,05:42:28,east,north
489,2020-01-18,05:42:35,east,east
490,2020-01-18,05:42:31,west,east
491,2020-01-18,05:42:39,west,west
492,2020-01-18,05:42:33,east,north
493,2020-01-18,05:42:48,west,east
494,2020-01-18,05:42:48,west,north
495,2020-01-18,05:42:45,west,north
496,2020-01-18,05:43:13,east,east
497,2020-01-18,05:43:15,east,west
498,2020-01-18,05:42:31,east,north
499,2020-01-18,05:43:30,west,east
500,2020-01-18,05:43:30,east,west
501,2020-01-18,05:42:01,west,east
502,2020-01-18,05:43:28,west,north
503,2020-01-18,05:43:28,west,east
504,2020-01-18,05:43:43,east,east
505,2020-01-18,05:43:46,west,south
506,2020-01-18,05:43:35,east,west
507,2020-01-18,05:42:48,east,west
508,2020-01-18,05:43:49,west,west
509,2020-01-18,05:43:43,west,west
510,2020-01-18,05:43:55,east,south
511,2020-01-18,05:43:48,east,west
512,2020-01-18,05:43:29,east,west
513,2020-01-18,05:43:28,east,north
514,2020-01-18,05:44:12,west,south
515,2020-01-18,05:44:13,west,north
516,2020-01-18,05:44:09,east,south
517,2020-01-18,05:44:17,east,west
518,2020-01-18,05:44:20,east,north
519,2020-01-18,05:44:15,east,south
520,2020-01-18,05:44:14,east,west
521,2020-01-18,05:44:20,east,north
522,2020-01-18,05:44:21,south,south
523,2020-01-18,05:44:18,west,north
524,2020-01-18,05:44:20,west,west
525,2020-01-18,05:44:20,east,east
526,2020-01-18,05:44:12,east,east
527,2020-01-18,05:44:23,west,west
528,2020-01-18,05:44:19,west,north
529,2020-01-18,05:44:27,east,north
530,2020-01-18,05:44:22,east,south
531,2020-01-18,05:44:33,west,south
532,2020-01-18,05:44:26,east,south
533,2020-01-18,05:44:35,west,south
534,2020-01-18,05:44:30,east,north
535,2020-01-18,05:45:13,west,east
536,2020-01-18,05:45:19,west,east
537,2020-01-18,05:45:21,east,west
538,2020-01-18,05:45:22,east,west
539,2020-01-18,05:45:25,east,north
540,2020-01-18,05:44:33,east,west
541,2020-01-18,05:45:36,east,north
542,2020-01-18,05:44:56,west,north
543,2020-01-18,05:45:40,east,north
544,2020-01-18,05:45:50,west,south
545,2020-01-18,05:45:37,west,west
546,2020-01-18,05:44:11,west,north
547,2020-01-18,05:44:59,west,west
548,2020-01-18,05:44:29,east,east
549,2020-01-18,05:45:31,east,north
550,2020-01-18,05:45:58,east,east
551,2020-01-18,05:45:51,east,east
552,2020-01-18,05:45:46,west,north
553,2020-01-18,05:46:01,west,south
554,2020-01-18,05:45:58,east,west
555,2020-01-18,05:45:54,east,south
556,2020-01-18,05:46:05,east,south
557,2020-01-18,05:46:02,east,north
558,2020-01-18,05:46:07,west,east
559,2020-01-18,05:46:13,west,south
560,2020-01-18,05:46:10,west,east
561,2020-01-18,05:46:06,west,north
562,2020-01-18,05:46:30,east,south
563,2020-01-18,05:46:35,west,north
564,2020-01-18,05:46:16,west,north
565,2020-01-18,05:45:38,east,north
566,2020-01-18,05:46:36,east,south
567,2020-01-18,05:46:37,west,north
568,2020-01-18,05:46:33,east,east
569,2020-01-18,05:46:37,east,west
570,2020-01-18,05:46:40,west,west
571,2020-01-18,05:46:22,east,east
572,2020-01-18,05:46:26,east,east
573,2020-01-18,05:46:36,east,west
574,2020-01-18,05:46:43,east,north
575,2020-01-18,05:46:45,west,north
576,2020-01-18,05:46:47,east,west
577,2020-01-18,05:46:47,east,west
578,2020-01-18,05:46:40,west,west
579,2020-01-18,05:46:42,west,east
580,2020-01-18,05:46:44,south,south
581,2020-01-18,05:46:44,west,south
582,2020-01-18,05:46:34,east,south
583,2020-01-18,05:46:48,west,east
584,2020-01-18,05:46:46,south,north
585,2020-01-18,05:46:46,west,east
586,2020-01-18,05:46:52,east,east
587,2020-01-18,05:46:52,west,south
588,2020-01-18,05:46:49,east,east
589,2020-01-18,05:46:37,east,west
590,2020-01-18,05:46:40,east,north
591,2020-01-18,05:46:53,east,west
592,2020-01-18,05:46:55,west,north
593,2020-01-18,05:46:53,west,south
594,2020-01-18,05:47:06,west,north
595,2020-01-18,05:47:08,west,west
596,2020-01-18,05:47:08,east,north
597,2020-01-18,05:47:10,east,east
598,2020-01-18,05:47:09,west,east
599,2020-01-18,05:47:21,west,south
600,2020-01-18,05:46:05,east,west
601,2020-01-18,05:39:55,south,south
602,2020-01-18,05:39:51,west,west
603,2020-01-18,05:40:01,east,north
604,2020-01-18,05:40:02,east,north
605,2020-01-18,05:40:13,west,south
606,2020-01-18,05:40:13,east,west
607,2020-01-18,05:40:13,east,south
608,2020-01-18,05:40:05,west,north
609,2020-01-18,05:40:13,west,east
610,2020-01-18,05:40:15,west,north
611,2020-01-18,05:40:09,west,west
612,2020-01-18,05:40:12,east,east
613,2020-01-18,05:40:04,east,south
614,2020-01-18,05:40:15,west,east
615,2020-01-18,05:40:14,west,south
616,2020-01-18,05:40:17,north,south
617,2020-01-18,05:40:10,south,south
618,2020-01-18,05:40:15,east,north
619,2020-01-18,05:40:18,east,south
620,2020-01-18,05:40:15,west,west
621,2020-01-18,05:40:18,west,west
622,2020-01-18,05:40:23,west,south
623,2020-01-18,05:40:21,east,south
624,2020-01-18,05:40:22,west,west
625,2020-01-18,05:40:27,east,west
626,2020-01-18,05:40:23,west,east
627,2020-01-18,05:40:27,west,north
628,2020-01-18,05:40:18,east,east
629,2020-01-18,05:40:30,west,north
630,2020-01-18,05:40:30,west,south
631,2020-01-18,05:40:19,east,south
632,2020-01-18,05:40:22,east,west
633,2020-01-18,05:40:15,east,south
634,2020-01-18,05:40:28,west,north
635,2020-01-18,05:40:43,north,south
636,2020-01-18,05:41:04,west,west
637,2020-01-18,05:41:06,west,east
638,2020-01-18,05:40:43,east,east
639,2020-01-18,05:41:09,west,north
640,2020-01-18,05:41:02,west,north
641,2020-01-18,05:41:12,west,south
642,2020-01-18,05:41:07,west,north
643,2020-01-18,05:41:16,east,south
644,2020-01-18,05:40:22,west,west
645,2020-01-18,05:40:42,west,west
646,2020-01-18,05:41:30,west,west
647,2020-01-18,05:41:06,east,east
648,2020-01-18,05:41:38,west,east
649,2020-01-18,05:41:37,east,north
650,2020-01-18,05:41:33,east,west
651,2020-01-18,05:41:41,west,south
652,2020-01-18,05:41:26,east,south
653,2020-01-18,05:40:40,east,south
654,2020-01-18,05:41:52,east,west
655,2020-01-18,05:42:00,west,south
656,2020-01-18,05:42:05,east,west
657,2020-01-18,05:41:05,east,south
658,2020-01-18,05:42:10,west,west
659,2020-01-18,05:42:13,east,north
660,2020-01-18,05:42:16,east,north
661,2020-01-18,05:41:58,west,east
662,2020-01-18,05:41:59,east,west
663,2020-01-18,05:42:16,east,east
664,2020-01-18,05:42:18,east,east
665,2020-01-18,05:42:14,east,east
666,2020-01-18,05:42:12,west,east
667,2020-01-18,05:42:18,east,south
668,2020-01-18,05:42:10,west,north
669,2020-01-18,05:42:21,west,south
670,2020-01-18,05:42:13,west,north
671,2020-01-18,05:42:07,east,west
672,2020-01-18,05:42:24,east,east
673,2020-01-18,05:42:17,west,east
674,2020-01-18,05:42:14,east,north
675,2020-01-18,05:42:17,east,east
676,2020-01-18,05:42:25,west,west
677,2020-01-18,05:42:02,west,east
678,2020-01-18,05:42:19,west,east
679,2020-01-18,05:42:24,east,south
680,2020-01-18,05:42:24,east,south
681,2020-01-18,05:42:22,east,west
682,2020-01-18,05:42:17,east,east
683,2020-01-18,05:42:27,east,south
684,2020-01-18,05:42:29,east,west
685,2020-01-18,05:42:23,west,north
686,2020-01-18,05:42:13,east,east
687,2020-01-18,05:42:25,west,south
688,2020-01-18,05:42:28,east,north
689,2020-01-18,05:42:35,east,east
690,2020-01-18,05:42:31,west,east
691,2020-01-18,05:42:39,west,west
692,2020-01-18,05:42:33,east,north
693,2020-01-18,05:42:48,west,east
694,2020-01-18,05:42:48,west,north
695,2020-01-18,05:42:45,west,north
696,2020-01-18,05:43:13,east,east
697,2020-01-18,05:43:15,east,west
698,2020-01-18,05:42:31,east,north
699,2020-01-18,05:43:30,west,east
700,2020-01-18,05:43:30,east,west
701,2020-01-18,05:42:01,west,east
702,2020-01-18,05:43:28,west,north
703,2020-01-18,05:43:28,west,east
704,2020-01-18,05:43:43,east,east
705,2020-01-18,05:43:46,west,south
706,2020-01-18,05:43:35,east,west
707,2020-01-18,05:42:48,east,west
708,2020-01-18,05:43:49,west,west
709,2020-01-18,05:43:43,west,west
710,2020-01-18,05:43:55,east,south
711,2020-01-18,05:43:48,east,west
712,2020-01-18,05:43:29,east,west
713,2020-01-18,05:43:28,east,north
714,2020-01-18,05:44:12,west,south
715,2020-01-18,05:44:13,west,north
716,2020-01-18,05:44:09,east,south
717,2020-01-18,05:44:17,east,west
718,2020-01-18,05:44:20,east,north
719,2020-01-18,05:44:15,east,south
720,2020-01-18,05:44:14,east,west
721,2020-01-18,05:44:20,east,north
722,2020-01-18,05:44:21,south,south
723,2020-01-18,05:44:18,west,north
724,2020-01-18,05:44:20,west,west
725,2020-01-18,05:44:20,east,east
726,2020-01-18,05:44:12,east,east
727,2020-01-18,05:44:23,west,west
728,2020-01-18,05:44:19,west,north
729,2020-01-18,05:44:27,east,north
730,2020-01-18,05:44:22,east,south
731,2020-01-18,05:44:33,west,south
732,2020-01-18,05:44:26,east,south
733,2020-01-18,05:44:35,west,south
734,2020-01-18,05:44:30,east,north
735,2020-01-18,05:45:13,west,east
736,2020-01-18,05:45:19,west,east
737,2020-01-18,05:45:21,east,west
738,2020-01-18,05:45:22,east,west
739,2020-01-18,05:45:25,east,north
740,2020-01-18,05:44:33,east,west
741,2020-01-18,05:45:36,east,north
742,2020-01-18,05:44:56,west,north
743,2020-01-18,05:45:40,east,north
744,2020-01-18,05:45:50,west,south
745,2020-01-18,05:45:37,west,west
746,2020-01-18,05:44:11,west,north
747,2020-01-18,05:44:59,west,west
748,2020-01-18,05:44:29,east,east
749,2020-01-18,05:45:31,east,north
750,2020-01-18,05:45:58,east,east
751,2020-01-18,05:45:51,east,east
752,2020-01-18,05:45:46,west,north
753,2020-01-18,05:46:01,west,south
754,2020-01-18,05:45:58,east,west
755,2020-01-18,05:45:54,east,south
756,2020-01-18,05:46:05,east,south
757,2020-01-18,05:46:02,east,north
758,2020-01-18,05:46:07,west,east
759,2020-01-18,05:46:13,west,south
760,2020-01-18,05:46:10,west,east
761,2020-01-18,05:46:06,west,north
762,2020-01-18,05:46:30,east,south
763,2020-01-18,05:46:35,west,north
764,2020-01-18,05:46:16,west,north
765,2020-01-18,05:45:38,east,north
766,2020-01-18,05:46:36,east,south
767,2020-01-18,05:46:37,west,north
768,2020-01-18,05:46:33,east,east
769,2020-01-18,05:46:37,east,west
770,2020-01-18,05:46:40,west,west
771,2020-01-18,05:46:22,east,east
772,2020-01-18,05:46:26,east,east
773,2020-01-18,05:46:36,east,west
774,2020-01-18,05:46:43,east,north
775,2020-01-18,05:46:45,west,north
776,2020-01-18,05:46:47,east,west
777,2020-01-18,05:46:47,east,west
778,2020-01-18,05:46:40,west,west
779,2020-01-18,05:46:42,west,east
780,2020-01-18,05:46:44,south,south
781,2020-01-18,05:46:44,west,south
782,2020-01-18,05:46:34,east,south
783,2020-01-18,05:46:48,west,east
784,2020-01-18,05:46:46,south,north
785,2020-01-18,05:46:46,west,east
786,2020-01-18,05:46:52,east,east
787,2020-01-18,05:46:52,west,south
788,2020-01-18,05:46:49,east,east
789,2020-01-18,05:46:37,east,west
790,2020-01-18,05:46:40,east,north
791,2020-01-18,05:46:53,east,west
792,2020-01-18,05:46:55,west,north
793,2020-01-18,05:46:53,west,south
794,2020-01-18,05:47:06,west,north
795,2020-01-18,05:47:08,west,west
796,2020-01-18,05:47:08,east,north
797,2020-01-18,05:47:10,east,east
798,2020-01-18,05:47:09,west,east
799,2020-01-18,05:47:21,west,south
800,2020-01-18,05:46:05,east,west
